1.png,0
10.png,0
11.png,0
12.png,0
13.png,0
14.png,0
15.png,0
16.png,0
17.png,0
18.png,0
19.png,0
2.png,0
20.png,0
21.png,0
22.png,0
23.png,0
24.png,0
25.png,0
26.png,0
27.png,0
28.png,0
29.png,0
3.png,0
30.png,0
31.png,0
32.png,0
33.png,0
34.png,0
35.png,0
36.png,0
37.png,0
38.png,0
39.png,0
4.png,0
40.png,0
41.png,0
42.png,0
43.png,0
44.png,0
45.png,0
46.png,0
47.png,0
48.png,0
49.png,0
5.png,0
50.png,0
51.png,0
52.png,0
53.png,0
54.png,0
55.png,0
56.png,0
57.png,0
58.png,0
59.png,0
6.png,0
60.png,0
61.png,0
62.png,0
63.png,0
64.png,0
65.png,0
66.png,0
67.png,0
68.png,0
69.png,0
7.png,0
70.png,0
71.png,0
72.png,0
8.png,0
9.png,0
100.png,1
101.png,1
102.png,1
103.png,1
104.png,1
105.png,1
106.png,1
107.png,1
108.png,1
109.png,1
110.png,1
111.png,1
112.png,1
113.png,1
114.png,1
115.png,1
116.png,1
117.png,1
118.png,1
119.png,1
120.png,1
121.png,1
122.png,1
123.png,1
124.png,1
125.png,1
126.png,1
127.png,1
128.png,1
129.png,1
130.png,1
131.png,1
132.png,1
73.png,1
74.png,1
75.png,1
76.png,1
77.png,1
78.png,1
79.png,1
80.png,1
81.png,1
82.png,1
83.png,1
84.png,1
85.png,1
86.png,1
87.png,1
88.png,1
89.png,1
90.png,1
91.png,1
92.png,1
93.png,1
94.png,1
95.png,1
96.png,1
97.png,1
98.png,1
99.png,1
133.png,2
134.png,2
135.png,2
136.png,2
137.png,2
138.png,2
139.png,2
140.png,2
141.png,2
142.png,2
143.png,2
144.png,2
145.png,2
146.png,2
147.png,2
148.png,2
149.png,2
150.png,2
151.png,2
152.png,2
153.png,2
154.png,2
155.png,2
156.png,2
157.png,2
158.png,2
159.png,2
160.png,2
161.png,2
162.png,2
163.png,2
164.png,2
165.png,2
166.png,2
167.png,2
168.png,2
169.png,2
170.png,2
171.png,2
172.png,2
173.png,2
174.png,2
175.png,3
176.png,3
177.png,3
178.png,3
179.png,3
180.png,3
181.png,3
182.png,3
183.png,3
184.png,3
185.png,3
186.png,3
187.png,3
188.png,3
189.png,3
190.png,3
191.png,3
192.png,3
193.png,3
194.png,3
195.png,3
196.png,3
197.png,3
198.png,3
199.png,3
200.png,3
201.png,3
202.png,3
203.png,3
204.png,3
205.png,3
206.png,3
207.png,3
208.png,3
209.png,3
210.png,3
211.png,3
212.png,3
213.png,3
214.png,3
215.png,3
216.png,3
217.png,3
218.png,3
219.png,3
220.png,4
221.png,4
222.png,4
223.png,4
224.png,4
225.png,4
226.png,4
227.png,4
228.png,4
229.png,4
230.png,4
231.png,4
232.png,4
233.png,4
234.png,4
235.png,4
236.png,4
237.png,4
238.png,4
239.png,4
240.png,4
241.png,4
242.png,4
243.png,4
244.png,4
245.png,4
246.png,4
247.png,4
248.png,4
249.png,4
250.png,4
251.png,4
252.png,4
253.png,4
254.png,4
255.png,4
256.png,4
257.png,4
258.png,4
259.png,4
260.png,4
261.png,4
262.png,4
263.png,4
264.png,4
265.png,4
266.png,4
267.png,4
268.png,4
269.png,4
270.png,5
271.png,5
272.png,5
273.png,5
274.png,5
275.png,5
276.png,5
277.png,5
278.png,5
279.png,5
280.png,5
281.png,5
282.png,5
283.png,5
284.png,5
285.png,5
286.png,5
287.png,5
288.png,5
289.png,5
290.png,5
291.png,5
292.png,5
293.png,5
294.png,5
295.png,5
296.png,5
297.png,5
298.png,5
299.png,5
300.png,5
301.png,5
302.png,5
303.png,5
304.png,5
305.png,5
306.png,5
307.png,5
308.png,5
309.png,5
310.png,5
311.png,5
312.png,5
313.png,5
314.png,5
315.png,5
316.png,5
317.png,5
318.png,5
319.png,5
320.png,5
321.png,5
322.png,5
323.png,5
324.png,5
325.png,5
326.png,5
327.png,5
328.png,5
329.png,5
330.png,5
331.png,5
332.png,5
333.png,6
334.png,6
335.png,6
336.png,6
337.png,6
338.png,6
339.png,6
340.png,6
341.png,6
342.png,6
343.png,6
344.png,6
345.png,6
346.png,6
347.png,6
348.png,6
349.png,6
350.png,6
351.png,6
352.png,6
353.png,6
354.png,6
355.png,6
356.png,6
357.png,6
358.png,6
359.png,6
360.png,6
361.png,6
362.png,6
363.png,6
364.png,6
365.png,6
366.png,6
367.png,6
368.png,6
369.png,6
370.png,6
371.png,6
372.png,6
373.png,6
374.png,6
375.png,6
376.png,6
377.png,6
378.png,7
379.png,7
380.png,7
381.png,7
382.png,7
383.png,7
384.png,7
385.png,7
386.png,7
387.png,7
388.png,7
389.png,7
390.png,7
391.png,7
392.png,7
393.png,7
394.png,7
395.png,7
396.png,7
397.png,7
398.png,7
399.png,7
400.png,7
401.png,7
402.png,7
403.png,7
404.png,7
405.png,7
406.png,7
407.png,7
408.png,7
409.png,7
410.png,7
411.png,7
412.png,7
413.png,7
414.png,7
415.png,7
416.png,7
417.png,7
418.png,7
419.png,7
420.png,7
421.png,7
422.png,7
423.png,8
424.png,8
425.png,8
426.png,8
427.png,8
428.png,8
429.png,8
430.png,8
431.png,8
432.png,8
433.png,8
434.png,8
435.png,8
436.png,8
437.png,8
438.png,8
439.png,8
440.png,8
441.png,8
442.png,8
443.png,8
444.png,8
445.png,8
446.png,8
447.png,8
448.png,8
449.png,8
450.png,8
451.png,8
452.png,8
453.png,8
454.png,8
455.png,8
456.png,8
457.png,8
458.png,8
459.png,8
460.png,8
461.png,8
462.png,8
463.png,8
464.png,8
465.png,8
466.png,8
467.png,8
468.png,9
469.png,9
470.png,9
471.png,9
472.png,9
473.png,9
474.png,9
475.png,9
476.png,9
477.png,9
478.png,9
479.png,9
480.png,9
481.png,9
482.png,9
483.png,9
484.png,9
485.png,9
486.png,9
487.png,9
488.png,9
489.png,9
490.png,9
491.png,9
492.png,9
493.png,9
494.png,9
495.png,9
496.png,9
497.png,9
498.png,9
499.png,9
500.png,9
501.png,9
502.png,9
503.png,9
504.png,9
505.png,9
506.png,9
507.png,9
508.png,9
509.png,9
510.png,9
511.png,9
512.png,9
513.png,9
514.png,9
515.png,9
516.png,9
517.png,9
518.png,9
519.png,9
520.png,9
521.png,9
522.png,9
523.png,9
